date,title,type,category
"Dec 10, 2020",Providing an Order of Succession Within the Department of Defense,Executive Orders,National security
"Dec 10, 2020",Rebranding United States Foreign Assistance To Advance American Influence,Executive Orders,National security
"Dec 8, 2020",Ensuring Access to United States Government COVID-19 Vaccines,Executive Orders,Health care
"Dec 7, 2020",Governance and Integration of Federal Mission Resilience,Executive Orders,National security
"Dec 3, 2020",Promoting the Use of Trustworthy Artificial Intelligence in the Federal Government,Executive Orders,Tech
"Nov 12, 2020",Addressing the Threat From Securities Investments That Finance Communist Chinese Military Companies,Executive Orders,National security
"Nov 2, 2020",Establishing the President's Advisory 1776 Commission,Executive Orders,Events
"Oct 21, 2020",Creating Schedule F in the Excepted Service,Executive Orders,Labor/Immigration
"Oct 13, 2020",Establishing the One Trillion Trees Interagency Council,Executive Orders,Energy
"Oct 13, 2020",Modernizing America's Water Resource Management and Water Infrastructure,Executive Orders,Energy
"Oct 3, 2020",Saving Lives Through Increased Support for Mental- and Behavioral-Health Needs,Executive Orders,Health care
"Sep 30, 2020",Addressing the Threat to the Domestic Supply Chain From Reliance on Critical Minerals From Foreign Adversaries and Supporting the Domestic Mining and Processing Industries,Executive Orders,Economy
"Sep 25, 2020",Protecting Vulnerable Newborn and Infant Children,Executive Orders,Health care
"Sep 24, 2020",An America-First Healthcare Plan,Executive Orders,Health care
"Sep 22, 2020",Combating Race and Sex Stereotyping,Executive Orders,Events
"Sep 21, 2020",Blocking Property of Certain Persons With Respect to the Conventional Arms Activities of Iran,Executive Orders,National security
"Sep 13, 2020",Lowering Drug Prices by Putting America First,Executive Orders,Health care
"Aug 8, 2020",Fighting the Spread of COVID-19 by Providing Assistance to Renters and Homeowners,Executive Orders,Economy
"Aug 6, 2020","Addressing the Threat Posed by TikTok, and Taking Additional Steps To Address the National Emergency With Respect to the Information and Communications Technology and Services Supply Chain",Executive Orders,Tech
"Aug 6, 2020","Addressing the Threat Posed by WeChat, and Taking Additional Steps To Address the National Emergency With Respect to the Information and Communications Technology and Services Supply Chain",Executive Orders,Tech
"Aug 6, 2020","Combating Public Health Emergencies and Strengthening National Security by Ensuring Essential Medicines, Medical Countermeasures, and Critical Inputs Are Made in the United States",Executive Orders,Health care
"Aug 3, 2020",Aligning Federal Contracting and Hiring Practices With the Interests of American Workers,Executive Orders,Labor/Immigration
"Aug 3, 2020",Improving Rural Health and Telehealth Access,Executive Orders,Health care
"Jul 24, 2020",Access to Affordable Life-Saving Medications,Executive Orders,Health care
"Jul 24, 2020",Increasing Drug Importation To Lower Prices for American Patients,Executive Orders,Health care
"Jul 24, 2020",Lowering Prices for Patients by Eliminating Kickbacks to Middlemen,Executive Orders,Health care
"Jul 24, 2020",Lowering Drug Prices by Putting America First,Executive Orders,Health care
"Jul 14, 2020",The President's Executive Order on Hong Kong Normalization,Executive Orders,National security
"Jul 9, 2020",White House Hispanic Prosperity Initiative,Executive Orders,Economy
"Jul 3, 2020",Building and Rebuilding Monuments to American Heroes,Executive Orders,Criminal justice
"Jun 26, 2020",Continuing the President's National Council for the American Worker and the American Workforce Policy Advisory Board,Executive Orders,Labor/Immigration
"Jun 26, 2020",Modernizing and Reforming the Assessment and Hiring of Federal Job Candidates,Executive Orders,Labor/Immigration
"Jun 26, 2020","Protecting American Monuments, Memorials, and Statues and Combating Recent Criminal Violence",Executive Orders,Criminal justice
"Jun 24, 2020",Strengthening the Child Welfare System for America's Children,Executive Orders,Health care
"Jun 16, 2020",Safe Policing for Safe Communities,Executive Orders,Criminal justice
"Jun 11, 2020",Blocking Property of Certain Persons Associated With the International Criminal Court,Executive Orders,Criminal justice
"Jun 4, 2020",Accelerating the Nation's Economic Recovery From the COVID-19 Emergency by Expediting Infrastructure Investments and Other Activities,Executive Orders,Economy
"Jun 2, 2020",Advancing International Religious Freedom,Executive Orders,Events
"May 28, 2020",Preventing Online Censorship,Executive Orders,Tech
"May 19, 2020",Regulatory Relief To Support Economic Recovery,Executive Orders,Economy
"May 15, 2020",Establishment of the Forced Labor Enforcement Task Force Under Section 741 of the United States-Mexico-Canada Agreement Implementation Act,Executive Orders,Labor/Immigration
"May 14, 2020",Delegating Authority Under the Defense Production Act of 1950 to the Chief Executive Officer of the United States International Development Finance Corporation To Respond to the COVID-19 Outbreak,Executive Orders,Economy
"May 7, 2020",Promoting American Seafood Competitiveness and Economic Growth,Executive Orders,Economy
"May 1, 2020",Securing the United States Bulk-Power System,Executive Orders,Economy
"Apr 30, 2020",Ordering the Selected Reserve of the Armed Forces to Active Duty,Executive Orders,National security
"Apr 28, 2020",Delegating Authority Under the Defense Production Act of 1950 With Respect to Food Supply Chain Resources During the National Emergency Caused by the Outbreak of COVID-19,Executive Orders,Economy
"Apr 28, 2020",Establishment of the Interagency Labor Committee for Monitoring and Enforcement Under Section 711 of the United States-Mexico-Canada Agreement Implementation Act,Executive Orders,Labor/Immigration
"Apr 18, 2020",National Emergency Authority To Temporarily Extend Deadlines for Certain Estimated Payments,Executive Orders,Economy
"Apr 14, 2020",Providing an Order of Succession Within the Department of the Interior,Executive Orders,Administrative work
"Apr 6, 2020",Encouraging International Support for the Recovery and Use of Space Resources,Executive Orders,Energy
"Apr 4, 2020",Establishing the Committee for the Assessment of Foreign Participation in the United States Telecommunications Services Sector,Executive Orders,National security
"Mar 27, 2020",Delegating Additional Authority Under the Defense Production Act of 1950 With Respect to Health and Medical Resources To Respond to the Spread of COVID–19,Executive Orders,Health care
"Mar 27, 2020",National Emergency Authority To Order the Selected Reserve and Certain Members of the Individual Ready Reserve of the Armed Forces to Active Duty,Executive Orders,National security
"Mar 23, 2020",Preventing Hoarding of Health and Medical Resources To Respond to the Spread of COVID–19,Executive Orders,Health care
"Mar 18, 2020",Prioritizing and Allocating Health and Medical Resources to Respond to the Spread of COVID–19,Executive Orders,Health care
"Feb 13, 2020",Amending Executive Order 13803—Reviving the National Space Council,Executive Orders,National security
"Feb 12, 2020","Strengthening National Resilience Through Responsible Use of Positioning, Navigation, and Timing Services",Executive Orders,Tech
"Jan 31, 2020",Combating Human Trafficking and Online Child Exploitation in the United States,Executive Orders,Criminal justice
"Jan 31, 2020","Ensuring Safe and Lawful E-Commerce for United States Consumers, Businesses, Government Supply Chains, and Intellectual Property Rights",Executive Orders,Tech
"Jan 10, 2020",Imposing Sanctions With Respect to Additional Sectors of Iran,Executive Orders,National security
"Dec 26, 2019",Adjustments of Certain Rates of Pay,Executive Orders,Labor/Immigration
"Dec 17, 2019","Providing for the Closing of Executive Departments and Agencies of the Federal Government on December 24, 2019",Executive Orders,Administrative work
"Dec 11, 2019",Combating Anti-Semitism,Executive Orders,Events
"Nov 26, 2019",Establishing the Task Force on Missing and Murdered American Indians and Alaska Natives,Executive Orders,Criminal justice
"Oct 31, 2019",Improving Federal Contractor Operations by Revoking Executive Order 13495,Executive Orders,Labor/Immigration
"Oct 28, 2019",Commission on Law Enforcement and the Administration of Justice,Executive Orders,Criminal justice
"Oct 22, 2019",President's Council of Advisors on Science and Technology,Executive Orders,Tech
"Oct 14, 2019",Blocking Property and Suspending Entry of Certain Persons Contributing to the Situation in Syria,Executive Orders,National security
"Oct 10, 2019",Increasing Government Accountability for Administrative Actions by Reinvigorating Administrative PAYGO,Executive Orders,Economy
"Oct 9, 2019",Promoting the Rule of Law Through Improved Agency Guidance Documents,Executive Orders,Administrative work
"Oct 9, 2019",Promoting the Rule of Law Through Transparency and Fairness in Civil Administrative Enforcement and Adjudication,Executive Orders,Administrative work
"Oct 3, 2019",Protecting and Improving Medicare for Our Nation's Seniors,Executive Orders,Health care
"Sep 27, 2019",Continuance of Certain Federal Advisory Committees,Executive Orders,Administrative work
"Sep 26, 2019",Enhancing State and Local Involvement in Refugee Resettlement,Executive Orders,Labor/Immigration
"Sep 19, 2019",Modernizing Influenza Vaccines in the United States To Promote National Security and Public Health,Executive Orders,Health care
"Sep 9, 2019",Modernizing Sanctions To Combat Terrorism,Executive Orders,National security
"Aug 30, 2019",Establishing the National Quantum Initiative Advisory Committee,Executive Orders,Tech
"Aug 5, 2019",Blocking Property of the Government of Venezuela,Executive Orders,National security
"Aug 1, 2019",Administration of Proliferation Sanctions and Amendment of Executive Order 12851,Executive Orders,National security
"Jul 26, 2019",Blocking Property and Suspending Entry of Certain Persons Contributing to the Situation in Mali,Executive Orders,National security
"Jul 15, 2019","Maximizing Use of American-Made Goods, Products, and Materials",Executive Orders,Economy
"Jul 11, 2019",Collecting Information About Citizenship Status in Connection With the Decennial Census,Executive Orders,Labor/Immigration
"Jul 10, 2019",Advancing American Kidney Health,Executive Orders,Health care
"Jun 25, 2019",Establishing a White House Council on Eliminating Regulatory Barriers to Affordable Housing,Executive Orders,Economy
"Jun 24, 2019",Imposing Sanctions With Respect to Iran,Executive Orders,National security
"Jun 24, 2019",Improving Price and Quality Transparency in American Healthcare To Put Patients First,Executive Orders,Health care
"Jun 14, 2019",Evaluating and Improving the Utility of Federal Advisory Committees,Executive Orders,Administrative work
"Jun 11, 2019",Modernizing the Regulatory Framework for Agricultural Biotechnology Products,Executive Orders,Tech
"May 15, 2019",Securing the Information and Communications Technology and Services Supply Chain,Executive Orders,Tech
"May 13, 2019",Economic Empowerment of Asian Americans and Pacific Islanders,Executive Orders,Economy
"May 8, 2019","Imposing Sanctions With Respect to the Iron, Steel, Aluminum, and Copper Sectors of Iran",Executive Orders,National security
"May 2, 2019",America's Cybersecurity Workforce,Executive Orders,Tech
"Apr 24, 2019",Transferring Responsibility for Background Investigations to the Department of Defense,Executive Orders,National security
"Apr 10, 2019",Promoting Energy Infrastructure and Economic Growth,Executive Orders,Energy
"Apr 10, 2019",Issuance of Permits With Respect to Facilities and Land Transportation Crossings at the International Boundaries of the United States,Executive Orders,Energy
"Mar 28, 2019",Adjustments of Certain Rates of Pay,Executive Orders,Economy
"Mar 26, 2019",Coordinating National Resilience to Electromagnetic Pulses,Executive Orders,National security
"Mar 21, 2019","Improving Free Inquiry, Transparency, and Accountability at Colleges and Universities",Executive Orders,Events
"Mar 15, 2019",Taking Additional Steps to Address the National Emergency With Respect to Significant Transnational Criminal Organizations,Executive Orders,National security
"Mar 6, 2019",Revocation of Reporting Requirement,Executive Orders,National security
"Mar 5, 2019",National Roadmap To Empower Veterans and End Suicide,Executive Orders,National security
"Mar 4, 2019",Supporting the Transition of Active Duty Servicemembers and Military Veterans Into the Merchant Marine,Executive Orders,National security
"Feb 11, 2019",Maintaining American Leadership in Artificial Intelligence,Executive Orders,Tech
"Jan 31, 2019",Strengthening Buy-American Preferences for Infrastructure Projects,Executive Orders,Economy
"Jan 25, 2019",Taking Additional Steps To Address the National Emergency With Respect to Venezuela,Executive Orders,National security
"Dec 28, 2018",Adjustments of Certain Rates of Pay,Executive Orders,Economy
"Dec 21, 2018","Promoting Active Management of America's Forests, Rangelands, and Other Federal Lands To Improve Conditions and Reduce Wildfire Risk",Executive Orders,Energy
"Dec 18, 2018","Providing for the Closing of Executive Departments and Agencies of the Federal Government on December 24, 2018",Executive Orders,Administrative work
"Dec 12, 2018",Establishing the White House Opportunity and Revitalization Council,Executive Orders,Economy
"Dec 1, 2018","Providing for the Closing of Executive Departments and Agencies of the Federal Government on December 5, 2018",Executive Orders,Administrative work
"Nov 27, 2018",Blocking Property of Certain Persons Contributing to the Situation in Nicaragua,Executive Orders,National security
"Nov 1, 2018",Blocking Property of Additional Persons Contributing to the Situation in Venezuela,Executive Orders,National security
"Sep 20, 2018",Authorizing the Implementation of Certain Sanctions Set Forth in the Countering America's Adversaries Through Sanctions Act,Executive Orders,National security
"Sep 12, 2018",Imposing Certain Sanctions in the Event of Foreign Interference in a United States Election,Executive Orders,National security
"Aug 31, 2018",Strengthening Retirement Security in America,Executive Orders,Labor/Immigration
"Aug 6, 2018",Reimposing Certain Sanctions With Respect to Iran,Executive Orders,National security
"Jul 19, 2018",Establishing the President's National Council for the American Worker,Executive Orders,Labor/Immigration
"Jul 11, 2018",Establishment of the Task Force on Market Integrity and Consumer Fraud,Executive Orders,Economy
"Jul 10, 2018","Establishing an Exception to Competitive Examining Rules for Appointment to Certain Positions in the United States Marshals Service, Department of Justice",Executive Orders,Labor/Immigration
"Jul 10, 2018",Excepting Administrative Law Judges From the Competitive Service,Executive Orders,Labor/Immigration
"Jun 20, 2018",Affording Congress an Opportunity To Address Family Separation,Executive Orders,Labor/Immigration
"Jun 19, 2018","Ocean Policy To Advance the Economic, Security, and Environmental Interests of the United States",Executive Orders,Economy
"May 25, 2018","Developing Efficient, Effective, and Cost-Reducing Approaches to Federal Sector Collective Bargaining",Executive Orders,Economy
"May 25, 2018","Ensuring Transparency, Accountability, and Efficiency in Taxpayer-Funded Union Time Use",Executive Orders,Labor/Immigration
"May 25, 2018",Exemption From Executive Order 13658 for Recreational Services on Federal Lands,Executive Orders,Energy
"May 25, 2018",Promoting Accountability and Streamlining Removal Procedures Consistent With Merit System Principles,Executive Orders,Labor/Immigration
"May 21, 2018",Prohibiting Certain Additional Transactions With Respect to Venezuela,Executive Orders,National security
"May 17, 2018",Efficient Federal Operations,Executive Orders,Energy
"May 15, 2018",Enhancing the Effectiveness of Agency Chief Information Officers,Executive Orders,Tech
"May 9, 2018",Enhancing Noncompetitive Civil Service Appointments of Military Spouses,Executive Orders,National security
"May 3, 2018",Establishment of a White House Faith and Opportunity Initiative,Executive Orders,Events
"Apr 20, 2018",Delegation of Authority To Approve Certain Military Decorations,Executive Orders,National security
"Apr 12, 2018",Task Force on the United States Postal System,Executive Orders,Administrative work
"Apr 10, 2018",Reducing Poverty in America by Promoting Opportunity and Economic Mobility,Executive Orders,Economy
"Mar 19, 2018",Taking Additional Steps to Address the Situation in Venezuela,Executive Orders,National security
"Mar 7, 2018",Federal Interagency Council on Crime Prevention and Improving Reentry,Executive Orders,Criminal justice
"Mar 1, 2018","2018 Amendments to the Manual for Courts-Martial, United States",Executive Orders,National security
"Feb 26, 2018","President's Council on Sports, Fitness, and Nutrition",Executive Orders,Events
"Jan 30, 2018",Protecting America Through Lawful Detention of Terrorists,Executive Orders,National security
"Jan 9, 2018",Supporting Our Veterans During Their Transition From Uniformed Service to Civilian Life,Executive Orders,National security
"Jan 8, 2018",Streamlining and Expediting Requests To Locate Broadband Facilities in Rural America,Executive Orders,Tech
"Jan 3, 2018",Termination of Presidential Advisory Commission on Election Integrity,Executive Orders,National security
"Dec 22, 2017",Adjustments of Certain Rates of Pay,Executive Orders,National security
"Dec 20, 2017",A Federal Strategy To Ensure Secure and Reliable Supplies of Critical Minerals,Executive Orders,Energy
"Dec 20, 2017",Blocking the Property of Persons Involved in Serious Human Rights Abuse or Corruption,Executive Orders,National security
"Dec 8, 2017",Revising the Seal for the National Credit Union Administration,Executive Orders,Economy
"Oct 24, 2017",Resuming the United States Refugee Admissions Program With Enhanced Vetting Capabilities,Executive Orders,Labor/Immigration
"Oct 20, 2017",Amending Executive Order 13223,Executive Orders,National security
"Oct 12, 2017",Promoting Healthcare Choice and Competition Across the United States,Executive Orders,Health care
"Sep 29, 2017",Continuance of Certain Federal Advisory Committees,Executive Orders,Administrative work
"Sep 29, 2017",Revocation of Executive Order Creating Labor-Management Forums,Executive Orders,Labor/Immigration
"Sep 21, 2017",Imposing Additional Sanctions With Respect To North Korea,Executive Orders,National security
"Aug 28, 2017","Restoring State, Tribal, and Local Law Enforcement's Access to Lifesaving Equipment and Resources",Executive Orders,National security
"Aug 24, 2017",Imposing Additional Sanctions With Respect to the Situation in Venezuela,Executive Orders,National security
"Aug 15, 2017",Establishing Discipline and Accountability in the Environmental Review and Permitting Process for Infrastructure Projects,Executive Orders,Energy
"Jul 21, 2017",Assessing and Strengthening the Manufacturing and Defense Industrial Base and Supply Chain Resiliency of the United States,Executive Orders,National security
"Jul 19, 2017",Establishing a Presidential Advisory Council on Infrastructure,Executive Orders,Economy
"Jul 11, 2017",Allowing Additional Time for Recognizing Positive Actions by the Government of Sudan and Amending Executive Order 13761,Executive Orders,National security
"Jun 30, 2017",Reviving the National Space Council,Executive Orders,National security
"Jun 21, 2017",Amending Executive Order 13597,Executive Orders,Labor/Immigration
"Jun 15, 2017",Expanding Apprenticeships in America,Executive Orders,Labor/Immigration
"May 11, 2017",Establishment of Presidential Advisory Commission on Election Integrity,Executive Orders,National security
"May 11, 2017",Strengthening the Cybersecurity of Federal Networks and Critical Infrastructure,Executive Orders,Tech
"May 4, 2017",Promoting Free Speech and Religious Liberty,Executive Orders,Events
"Apr 29, 2017",Addressing Trade Agreement Violations and Abuses,Executive Orders,Economy
"Apr 29, 2017",Establishment of Office of Trade and Manufacturing Policy,Executive Orders,Economy
"Apr 28, 2017",Implementing an America-First Offshore Energy Strategy,Executive Orders,Energy
"Apr 28, 2017",Establishment of the American Technology Council,Executive Orders,Tech
"Apr 27, 2017",Improving Accountability and Whistleblower Protection at the Department of Veterans Affairs,Executive Orders,National security
"Apr 26, 2017",Review of Designations Under the Antiquities Act,Executive Orders,Administrative work
"Apr 26, 2017",Enforcing Statutory Prohibitions on Federal Control of Education,Executive Orders,Administrative work
"Apr 25, 2017",Promoting Agriculture and Rural Prosperity in America,Executive Orders,Economy
"Apr 21, 2017",Identifying and Reducing Tax Regulatory Burdens,Executive Orders,Economy
"Apr 18, 2017",Buy American and Hire American,Executive Orders,Economy
"Mar 31, 2017",Omnibus Report on Significant Trade Deficits,Executive Orders,Economy
"Mar 31, 2017",Establishing Enhanced Collection and Enforcement of Antidumping and Countervailing Duties and Violations of Trade and Customs Laws,Executive Orders,Economy
"Mar 31, 2017",Providing an Order of Succession Within the Department of Justice,Executive Orders,Administrative work
"Mar 29, 2017",Establishing the President's Commission on Combating Drug Addiction and the Opioid Crisis,Executive Orders,Health care
"Mar 28, 2017",Promoting Energy Independence and Economic Growth,Executive Orders,Energy
"Mar 27, 2017",Revocation of Federal Contracting Executive Orders,Executive Orders,Labor/Immigration
"Mar 13, 2017",Comprehensive Plan for Reorganizing the Executive Branch,Executive Orders,Administrative work
"Mar 6, 2017",Protecting the Nation From Foreign Terrorist Entry Into the United States,Executive Orders,National security
"Feb 28, 2017","Restoring the Rule of Law, Federalism, and Economic Growth by Reviewing the ""Waters of the United States"" Rule",Executive Orders,Energy
"Feb 28, 2017",White House Initiative To Promote Excellence and Innovation at Historically Black Colleges and Universities,Executive Orders,Events
"Feb 24, 2017",Enforcing the Regulatory Reform Agenda,Executive Orders,Administrative work
"Feb 9, 2017",Task Force on Crime Reduction and Public Safety,Executive Orders,Criminal justice
"Feb 9, 2017","Preventing Violence Against Federal, State, Tribal, and Local Law Enforcement Officers",Executive Orders,Criminal justice
"Feb 9, 2017",Enforcing Federal Law With Respect to Transnational Criminal Organizations and Preventing International Trafficking,Executive Orders,National security
"Feb 9, 2017",Providing an Order of Succession Within the Department of Justice,Executive Orders,Administrative work
"Feb 3, 2017",Core Principles for Regulating the United States Financial System,Executive Orders,Economy
"Jan 30, 2017",Reducing Regulation and Controlling Regulatory Costs,Executive Orders,Economy
"Jan 28, 2017",Ethics Commitments by Executive Branch Appointees,Executive Orders,Administrative work
"Jan 27, 2017",Protecting the Nation From Foreign Terrorist Entry Into the United States,Executive Orders,National security
"Jan 25, 2017",Border Security and Immigration Enforcement Improvements,Executive Orders,Labor/Immigration
"Jan 25, 2017",Enhancing Public Safety in the Interior of the United States,Executive Orders,Labor/Immigration
"Jan 24, 2017",Expediting Environmental Reviews and Approvals for High-Priority Infrastructure Projects,Executive Orders,Energy
"Jan 20, 2017",Minimizing the Economic Burden of the Patient Protection and Affordable Care Act Pending Repeal,Executive Orders,Health care
"Jun 30, 2017","Pledge to America's Workers Month, 2020",Proclamations,Events
"Jan 15, 2017","Religious Freedom Day, 2020",Proclamations,Events
"Jan 17, 2017","Martin Luther King, Jr., Federal Holiday, 2020",Proclamations,Events
"Jan 21, 2017","National Sanctity of Human Life Day, 2020",Proclamations,Events
"Jan 23, 2020",To Further Facilitate Positive Adjustment to Competition From Imports of Large Residential Washers,Proclamations,Economy
"Jan 24, 2020",Adjusting Imports of Derivative Aluminum Articles and Derivative Steel Articles Into the United States,Proclamations,Economy
"Jan 24, 2020","National Day of Remembrance of the 75th Anniversary of the Liberation of Auschwitz, 2020",Proclamations,Events
"Jan 24, 2020","National School Choice Week, 2020",Proclamations,Events
"Jan 31, 2020",Improving Enhanced Vetting Capabilities and Processes for Detecting Attempted Entry Into the United States by Terrorists or Other Public-Safety Threats,Proclamations,National security
"Jan 31, 2020",Suspension of Entry as Immigrants and Nonimmigrants of Persons Who Pose a Risk of Transmitting 2019 Novel Coronavirus and Other Appropriate Measures To Address This Risk,Proclamations,Labor/Immigration
"Jan 31, 2020","American Heart Month, 2020",Proclamations,Events
"Jan 31, 2020","National African American History Month, 2020",Proclamations,Events
"Feb 28, 2020","American Red Cross Month, 2020",Proclamations,Events
"Feb 28, 2020","Irish-American Heritage Month, 2020",Proclamations,Events
"Feb 28, 2020","Women's History Month, 2020",Proclamations,Events
"Feb 28, 2020","National Consumer Protection Week, 2020",Proclamations,Events
"Feb 29, 2020",Suspension of Entry as Immigrants and Nonimmigrants of Certain Additional Persons Who Pose a Risk of Transmitting 2019 Novel Coronavirus,Proclamations,Labor/Immigration
"Mar 11, 2020",Suspension of Entry as Immigrants and Nonimmigrants of Certain Additional Persons Who Pose a Risk of Transmitting 2019 Novel Coronavirus,Proclamations,Labor/Immigration
"Mar 13, 2020",Declaring a National Emergency Concerning the Novel Coronavirus Disease (COVID-19) Outbreak,Proclamations,National security
"Mar 13, 2020","National Poison Prevention Week, 2020",Proclamations,Events
"Mar 14, 2020",Suspension of Entry as Immigrants and Nonimmigrants of Certain Additional Persons Who Pose a Risk of Transmitting 2019 Novel Coronavirus,Proclamations,Labor/Immigration
"Mar 14, 2020",National Day of Prayer for All Americans Affected by the Coronavirus Pandemic and for Our National Response Efforts,Proclamations,Events
"Mar 23, 2020","National Agriculture Day, 2020",Proclamations,Events
"Mar 24, 2020","Greek Independence Day: A National Day of Celebration of Greek and American Democracy, 2020",Proclamations,Events
"Mar 30, 2020","National Doctors Day, 2020",Proclamations,Events
"Mar 31, 2020","Cancer Control Month, 2020",Proclamations,Events
"Mar 31, 2020","National Child Abuse Prevention Month, 2020",Proclamations,Events
"Mar 31, 2020","National Donate Life Month, 2020",Proclamations,Events
"Mar 31, 2020","National Sexual Assault Awareness and Prevention Month, 2020",Proclamations,Events
"Mar 31, 2020","Second Chance Month, 2020",Proclamations,Events
"Apr 1, 2020","World Autism Awareness Day, 2020",Proclamations,Events
"Apr 3, 2020","Education and Sharing Day, U.S.A., 2020",Proclamations,Events
"Apr 8, 2020","National Former Prisoner of War Recognition Day, 2020",Proclamations,Events
"Apr 13, 2020","Pan American Day and Pan American Week, 2020",Proclamations,Events
"Apr 17, 2020","National Crime Victims' Rights Week, 2020",Proclamations,Events
"Apr 17, 2020","National Park Week, 2020",Proclamations,Events
"Apr 17, 2020","National Volunteer Week, 2020",Proclamations,Events
"Apr 17, 2020","Days of Remembrance of Victims of the Holocaust, 2020",Proclamations,Events
"Apr 22, 2020",Suspension of Entry of Immigrants Who Present a Risk to the United States Labor Market During the Economic Recovery Following the 2019 Novel Coronavirus Outbreak,Proclamations,Labor/Immigration
"Apr 24, 2020","World Intellectual Property Day, 2020",Proclamations,Events
"Apr 29, 2020","Asian American and Pacific Islander Heritage Month, 2020",Proclamations,Events
"Apr 29, 2020","Jewish American Heritage Month, 2020",Proclamations,Events
"Apr 29, 2020","Law Day, U.S.A., 2020",Proclamations,Events
"Apr 30, 2020","National Foster Care Month, 2020",Proclamations,Events
"Apr 30, 2020","National Mental Health Awareness Month, 2020",Proclamations,Events
"Apr 30, 2020","National Physical Fitness and Sports Month, 2020",Proclamations,Events
"Apr 30, 2020","Older Americans Month, 2020",Proclamations,Events
"Apr 30, 2020","Loyalty Day, 2020",Proclamations,Events
"May 1, 2020","National Hurricane Preparedness Week, 2020",Proclamations,Events
"May 1, 2020","Public Service Recognition Week, 2020",Proclamations,Events
"May 5, 2020","Missing and Murdered American Indians and Alaska Natives Awareness Day, 2020",Proclamations,Events
"May 6, 2020","National Day of Prayer, 2020",Proclamations,Events
"May 6, 2020","National Nurses Day, 2020",Proclamations,Events
"May 7, 2020","Military Spouse Day, 2020",Proclamations,Events
"May 8, 2020","National Charter Schools Week, 2020",Proclamations,Events
"May 8, 2020","National Defense Transportation Day and National Transportation Week, 2020",Proclamations,Events
"May 8, 2020","Peace Officers Memorial Day and Police Week, 2020",Proclamations,Events
"May 8, 2020","Mother's Day, 2020",Proclamations,Events
"May 15, 2020","Armed Forces Day, 2020",Proclamations,Events
"May 15, 2020","National Safe Boating Week, 2020",Proclamations,Events
"May 15, 2020","Emergency Medical Services Week, 2020",Proclamations,Events
"May 15, 2020","World Trade Week, 2020",Proclamations,Events
"May 21, 2020","National Maritime Day, 2020",Proclamations,Events
"May 21, 2020",Honoring the Victims of the Novel Coronavirus Pandemic,Proclamations,Events
"May 21, 2020","Prayer for Peace, Memorial Day, 2020",Proclamations,Events
"May 24, 2020",Suspension of Entry as Immigrants and Nonimmigrants of Certain Additional Persons Who Pose a Risk of Transmitting 2019 Novel Coronavirus,Proclamations,Labor/Immigration
"May 25, 2020","Amendment to Proclamation of May 24, 2020, Suspending Entry as Immigrants and Nonimmigrants of Certain Additional Persons Who Pose a Risk of Transmitting 2019 Novel Coronavirus",Proclamations,Labor/Immigration
"May 29, 2020",Suspension of Entry as Nonimmigrants of Certain Students and Researchers From the People's Republic of China,Proclamations,Labor/Immigration
"May 29, 2020","African-American Music Appreciation Month, 2020",Proclamations,Events
"May 29, 2020","Great Outdoors Month, 2020",Proclamations,Events
"May 29, 2020","National Caribbean-American Heritage Month, 2020",Proclamations,Events
"May 29, 2020","National Homeownership Month, 2020",Proclamations,Events
"May 29, 2020","National Ocean Month, 2020",Proclamations,Events
"Jun 5, 2020",Modifying the Northeast Canyons and Seamounts Marine National Monument,Proclamations,Energy
"Jun 12, 2020","Flag Day and National Flag Week, 2020",Proclamations,Events
"Jun 19, 2020","Father's Day, 2020",Proclamations,Events
"Jun 22, 2020",Suspension of Entry of Immigrants and Nonimmigrants Who Present a Risk to the United States Labor Market During the Economic Recovery Following the 2019 Novel Coronavirus Outbreak,Proclamations,Labor/Immigration
"Jun 29, 2020",To Take Certain Actions Under the United States- Mexico-Canada Agreement Implementation Act and for Other Purposes,Proclamations,Economy
"Jun 29, 2020",Amendment to Proclamation 10052,Proclamations,Labor/Immigration
"Aug 6, 2020",Adjusting Imports of Aluminum Into the United States,Proclamations,Economy
"Aug 14, 2020","National Employer Support of the Guard and Reserve Week, 2020",Proclamations,Events
"Jul 17, 2020","Captive Nations Week, 2020",Proclamations,Events
"Jul 24, 2020","Anniversary of the Americans With Disabilities Act, 2020",Proclamations,Events
"Jul 24, 2020","National Korean War Veterans Armistice Day, 2020",Proclamations,Events
"Jan 31, 2020","Career and Technical Education Month, 2020",Proclamations,Events
"Jul 18, 2020",Death of John Lewis,Proclamations,Events
"Aug 18, 2020",100th Anniversary of the Ratification of the Nineteenth Amendment,Proclamations,Events
"Oct 30, 2020",To Modify Duty-Free Treatment Under the Generalized System of Preferences and for Other Purposes,Proclamations,Economy
"Oct 16, 2020","National Character Counts Week, 2020",Proclamations,Events
"Oct 16, 2020","National Forest Products Week, 2020",Proclamations,Events
"Aug 25, 2020","Women's Equality Day, 2020",Proclamations,Events
"Aug 28, 2020",Adjusting Imports of Steel Into the United States,Proclamations,Economy
"Sep 9, 2020",Revision to United States Marine Scientific Research Policy,Proclamations,Energy
"Sep 10, 2020","Patriot Day, 2020",Proclamations,Events
"Oct 3, 2020","Fire Prevention Week, 2020",Proclamations,Events
"Oct 3, 2020","Made in America Day and Made in America Week, 2020",Proclamations,Events
"Oct 3, 2020","Child Health Day, 2020",Proclamations,Events
"Oct 5, 2020","German-American Day, 2020",Proclamations,Events
"Sep 3, 2020","National Days of Prayer and Remembrance, 2020",Proclamations,Events
"Oct 23, 2020","United Nations Day, 2020",Proclamations,Events
"Oct 27, 2020",Adjusting Imports of Aluminum Into the United States,Proclamations,Economy
"Oct 30, 2020","Critical Infrastructure Security and Resilience Month, 2020",Proclamations,Events
"Oct 30, 2020","National Adoption Month, 2020",Proclamations,Events
"Oct 30, 2020","National American History and Founders Month, 2020",Proclamations,Events
"Oct 30, 2020","National Entrepreneurship Month, 2020",Proclamations,Events
"Oct 30, 2020","National Family Caregivers Month, 2020",Proclamations,Events
"Oct 30, 2020","National Native American Heritage Month, 2020",Proclamations,Events
"Oct 30, 2020","National Veterans and Military Families Month, 2020",Proclamations,Events
"Oct 30, 2020","National Day of Remembrance for Americans Killed by Illegal Aliens, 2020",Proclamations,Events
"Sep 17, 2020","National POW/MIA Recognition Day, 2020",Proclamations,Events
"Sep 18, 2020","National Farm Safety and Health Week, 2020",Proclamations,Events
"Sep 18, 2020","National Gang Violence Prevention Week, 2020",Proclamations,Events
"Sep 18, 2020",Death of Ruth Bader Ginsburg,Proclamations,Events
"Sep 19, 2020","National Small Business Week, 2020",Proclamations,Events
"Sep 4, 2020","Labor Day, 2020",Proclamations,Events
"Sep 11, 2020","Minority Enterprise Development Week, 2020",Proclamations,Events
"Sep 11, 2020","Prescription Opioid and Heroin Epidemic Awareness Week, 2020",Proclamations,Events
"Sep 11, 2020","National Historically Black Colleges and Universities Week, 2020",Proclamations,Events
"Sep 14, 2020","National Hispanic Heritage Month, 2020",Proclamations,Events
"Sep 17, 2020","Constitution Day, Citizenship Day, and Constitution Week, 2020",Proclamations,Events
"Aug 31, 2020","National Alcohol and Drug Addiction Recovery Month, 2020",Proclamations,Events
"Aug 31, 2020","National Childhood Cancer Awareness Month, 2020",Proclamations,Events
"Aug 31, 2020","National Preparedness Month, 2020",Proclamations,Events
"Aug 31, 2020","National Sickle Cell Disease Awareness Month, 2020",Proclamations,Events
"Sep 25, 2020","Gold Star Mother's and Family's Day, 2020",Proclamations,Events
"Sep 25, 2020","National Hunting and Fishing Day, 2020",Proclamations,Events
"Oct 6, 2020",Birthday of Founding Father Caesar Rodney,Proclamations,Events
"Oct 8, 2020","Leif Erikson Day, 2020",Proclamations,Events
"Sep 30, 2020","National Breast Cancer Awareness Month, 2020",Proclamations,Events
"Sep 30, 2020","National Cybersecurity Awareness Month, 2020",Proclamations,Events
"Sep 30, 2020","National Disability Employment Awareness Month, 2020",Proclamations,Events
"Sep 30, 2020","National Domestic Violence Awareness Month, 2020",Proclamations,Events
"Sep 30, 2020","National Energy Awareness Month, 2020",Proclamations,Events
"Sep 30, 2020","National Substance Abuse Prevention Month, 2020",Proclamations,Events
"Oct 1, 2020","National Manufacturing Day, 2020",Proclamations,Events
"Oct 14, 2020","Blind Americans Equality Day, 2020",Proclamations,Events
"Oct 9, 2020","National School Lunch Week, 2020",Proclamations,Events
"Oct 9, 2020","General Pulaski Memorial Day, 2020",Proclamations,Events
"Oct 9, 2020","Columbus Day, 2020",Proclamations,Events
"Oct 10, 2020",To Further Facilitate Positive Adjustment to Competition From Imports of Certain Crystalline Silicon Photovoltaic Cells (Whether or Not Partially or Fully Assembled Into Other Products),Proclamations,Economy
"Nov 6, 2020","National Apprenticeship Week, 2020",Proclamations,Events
"Nov 6, 2020","World Freedom Day, 2020",Proclamations,Events
"Nov 10, 2020","Veterans Day, 2020",Proclamations,Events
"Nov 13, 2020","American Education Week, 2020",Proclamations,Events
"Oct 14, 2020","Blind Americans Equality Day, 2020",Proclamations,Events
"Oct 9, 2020","National School Lunch Week, 2020",Proclamations,Events
"Oct 9, 2020","General Pulaski Memorial Day, 2020",Proclamations,Events
"Oct 9, 2020","Columbus Day, 2020",Proclamations,Events
"Oct 10, 2020",To Further Facilitate Positive Adjustment to Competition From Imports of Certain Crystalline Silicon Photovoltaic Cells (Whether or Not Partially or Fully Assembled Into Other Products),Proclamations,Tech
"Oct 6, 2020",Birthday of Founding Father Caesar Rodney,Proclamations,Events
"Oct 8, 2020","Leif Erikson Day, 2020",Proclamations,Events
"Sep 30, 2020","National Breast Cancer Awareness Month, 2020",Proclamations,Events
"Sep 30, 2020","National Cybersecurity Awareness Month, 2020",Proclamations,Events
"Sep 30, 2020","National Disability Employment Awareness Month, 2020",Proclamations,Events
"Sep 30, 2020","National Domestic Violence Awareness Month, 2020",Proclamations,Events
"Sep 30, 2020","National Energy Awareness Month, 2020",Proclamations,Events
"Sep 30, 2020","National Substance Abuse Prevention Month, 2020",Proclamations,Events
"Oct 1, 2020","National Manufacturing Day, 2020",Proclamations,Events
"Nov 6, 2020","National Apprenticeship Week, 2020",Proclamations,Events
"Nov 6, 2020","World Freedom Day, 2020",Proclamations,Events
"Aug 14, 2020","National Employer Support of the Guard and Reserve Week, 2020",Proclamations,Events
"Sep 17, 2020","National POW/MIA Recognition Day, 2020",Proclamations,Events
"Sep 18, 2020","National Farm Safety and Health Week, 2020",Proclamations,Events
"Sep 18, 2020","National Gang Violence Prevention Week, 2020",Proclamations,Events
"Sep 18, 2020",Death of Ruth Bader Ginsburg,Proclamations,Events
"Sep 19, 2020","National Small Business Week, 2020",Proclamations,Events
"Sep 4, 2020","Labor Day, 2020",Proclamations,Events
"Sep 11, 2020","Minority Enterprise Development Week, 2020",Proclamations,Events
"Sep 11, 2020","Prescription Opioid and Heroin Epidemic Awareness Week, 2020",Proclamations,Events
"Sep 11, 2020","National Historically Black Colleges and Universities Week, 2020",Proclamations,Events
"Sep 14, 2020","National Hispanic Heritage Month, 2020",Proclamations,Events
"Sep 17, 2020","Constitution Day, Citizenship Day, and Constitution Week, 2020",Proclamations,Events
"Aug 31, 2020","National Alcohol and Drug Addiction Recovery Month, 2020",Proclamations,Events
"Aug 31, 2020","National Childhood Cancer Awareness Month, 2020",Proclamations,Events
"Aug 31, 2020","National Preparedness Month, 2020",Proclamations,Events
"Aug 31, 2020","National Sickle Cell Disease Awareness Month, 2020",Proclamations,Events
"Sep 25, 2020","Gold Star Mother's and Family's Day, 2020",Proclamations,Events
"Sep 25, 2020","National Hunting and Fishing Day, 2020",Proclamations,Events
"Nov 30, 2020","National Impaired Driving Prevention Month, 2020",Proclamations,Events
"Nov 30, 2020","World AIDS Day, 2020",Proclamations,Events
"Nov 20, 2020","National Family Week, 2020",Proclamations,Events
"Nov 25, 2020","Thanksgiving Day, 2020",Proclamations,Events
"Dec 4, 2020","Human Rights Day, Bill of Rights Day, and Human Rights Week, 2020",Proclamations,Events
"Dec 4, 2020","National Pearl Harbor Remembrance Day, 2020",Proclamations,Events
"Dec 4, 2020",Recognizing the Sovereignty of the Kingdom of Morocco Over the Western Sahara,Proclamations,Events
"Jan 15, 2019","Religious Freedom Day, 2019",Proclamations,Events
"Jan 18, 2019","National School Choice Week, 2019",Proclamations,Events
"Jan 18, 2019","National Sanctity of Human Life Day, 2019",Proclamations,Events
"Jan 18, 2019","Martin Luther King, Jr., Federal Holiday, 2019",Proclamations,Events
"Jan 31, 2019","American Heart Month, 2019",Proclamations,Events
"Jan 31, 2019","National African American History Month, 2019",Proclamations,Events
"Feb 7, 2019",Addressing Mass Migration Through the Southern Border of the United States,Proclamations,Labor/Immigration
"Feb 8, 2019","Death of John David Dingell, Jr.",Proclamations,Events
"Feb 15, 2019",Declaring a National Emergency Concerning the Southern Border of the United States,Proclamations,National security
"Mar 1, 2019","American Red Cross Month, 2019",Proclamations,Events
"Mar 1, 2019","Irish-American Heritage Month, 2019",Proclamations,Events
"Mar 1, 2019","Women's History Month, 2019",Proclamations,Events
"Mar 1, 2019","National Consumer Protection Week, 2019",Proclamations,Events
"Mar 13, 2019","National Agriculture Day, 2019",Proclamations,Events
"Mar 15, 2019","National Poison Prevention Week, 2019",Proclamations,Events
"Mar 18, 2019","Greek Independence Day: A National Day of Celebration of Greek and American Democracy, 2019",Proclamations,Events
"Mar 25, 2019",Recognizing the Golan Heights as Part of the State of Israel,Proclamations,National security
"Mar 29, 2019","Cancer Control Month, 2019",Proclamations,Events
"Mar 29, 2019","National Child Abuse Prevention Month, 2019",Proclamations,Events
"Mar 29, 2019","National Donate Life Month, 2019",Proclamations,Events
"Mar 29, 2019","National Sexual Assault Awareness and Prevention Month, 2019",Proclamations,Events
"Mar 29, 2019","Second Chance Month, 2019",Proclamations,Events
"Apr 1, 2019","World Autism Awareness Day, 2019",Proclamations,Events
"Apr 5, 2019","National Crime Victims' Rights Week, 2019",Proclamations,Events
"Apr 5, 2019","National Volunteer Week, 2019",Proclamations,Events
"Apr 8, 2019","National Former Prisoner of War Recognition Day, 2019",Proclamations,Events
"Apr 12, 2019","Pan American Day and Pan American Week, 2019",Proclamations,Events
"Apr 15, 2019","Education and Sharing Day, U.S.A., 2019",Proclamations,Events
"Apr 19, 2019","National Park Week, 2019",Proclamations,Events
"Apr 25, 2019","World Intellectual Property Day, 2019",Proclamations,Events
"Apr 26, 2019","Days of Remembrance of Victims of the Holocaust, 2019",Proclamations,Events
"Apr 30, 2019","Asian American and Pacific Islander Heritage Month, 2019",Proclamations,Events
"Apr 30, 2019","Jewish American Heritage Month, 2019",Proclamations,Events
"Apr 30, 2019","National Foster Care Month, 2019",Proclamations,Events
"Apr 30, 2019","National Physical Fitness and Sports Month, 2019",Proclamations,Events
"Apr 30, 2019","Older Americans Month, 2019",Proclamations,Events
"Apr 30, 2019","Law Day, U.S.A., 2019",Proclamations,Events
"Apr 30, 2019","Loyalty Day, 2019",Proclamations,Events
"Apr 30, 2019","National Day of Prayer, 2019",Proclamations,Events
"May 1, 2019","National Mental Health Awareness Month, 2019",Proclamations,Events
"May 3, 2019","National Hurricane Preparedness Week, 2019",Proclamations,Events
"May 3, 2019","National Small Business Week, 2019",Proclamations,Events
"May 3, 2019","Public Service Recognition Week, 2019",Proclamations,Events
"May 3, 2019","Missing and Murdered American Indians and Alaska Natives Awareness Day, 2019",Proclamations,Events
"May 8, 2019",Addressing Mass Migration Through the Southern Border of the United States,Proclamations,Labor/Immigration
"May 9, 2019","Military Spouse Day, 2019",Proclamations,Events
"May 10, 2019","National Charter Schools Week, 2019",Proclamations,Events
"May 10, 2019","National Defense Transportation Day and National Transportation Week, 2019",Proclamations,Events
"May 10, 2019","Peace Officers Memorial Day and Police Week, 2019",Proclamations,Events
"May 10, 2019","Mother's Day, 2019",Proclamations,Events
"May 16, 2019",Adjusting Imports of Steel Into the United States,Proclamations,Economy
"May 16, 2019",To Modify the List of Beneficiary Developing Countries Under the Trade Act of 1974,Proclamations,Economy
"May 17, 2019",Adjusting Imports of Automobiles and Automobile Parts Into the United States,Proclamations,Economy
"May 17, 2019","National Safe Boating Week, 2019",Proclamations,Events
"May 17, 2019","Emergency Medical Services Week, 2019",Proclamations,Events
"May 17, 2019","World Trade Week, 2019",Proclamations,Events
"May 17, 2019","Armed Forces Day, 2019",Proclamations,Events
"May 19, 2019",Adjusting Imports of Aluminum Into the United States,Proclamations,Economy
"May 19, 2019",Adjusting Imports of Steel Into the United States,Proclamations,Economy
"May 20, 2019","National Maritime Day, 2019",Proclamations,Events
"May 24, 2019","Prayer for Peace, Memorial Day, 2019",Proclamations,Events
"May 31, 2019","African-American Music Appreciation Month, 2019",Proclamations,Events
"May 31, 2019","Great Outdoors Month, 2019",Proclamations,Events
"May 31, 2019","National Caribbean-American Heritage Month, 2019",Proclamations,Events
"May 31, 2019","National Homeownership Month, 2019",Proclamations,Events
"May 31, 2019","National Ocean Month, 2019",Proclamations,Events
"May 31, 2019",To Modify the List of Beneficiary Developing Countries Under the Trade Act of 1974,Proclamations,Economy
"Jun 1, 2019","Honoring the Victims of the Tragedy in Virginia Beach, Virginia",Proclamations,Events
"Jun 6, 2019",National Day of Remembrance of the 75th Anniversary of D-Day,Proclamations,Events
"Jun 7, 2019","Flag Day and National Flag Week, 2019",Proclamations,Events
"Jun 14, 2019","Father's Day, 2019",Proclamations,Events
"Jul 1, 2019","Pledge to America's Workers Month, 2019",Proclamations,Events
"Jul 14, 2019","Made in America Day and Made in America Week, 2019",Proclamations,Events
"Jul 17, 2019",Death of John Paul Stevens,Proclamations,Events
"Jul 19, 2019","Captive Nations Week, 2019",Proclamations,Events
"Jul 19, 2019",50th Anniversary Observance of the Apollo 11 Lunar Landing,Proclamations,Events
"Jul 25, 2019","Anniversary of the Americans with Disabilities Act, 2019",Proclamations,Events
"Jul 26, 2019","National Korean War Veterans Armistice Day, 2019",Proclamations,Events
"Aug 4, 2019","Honoring the Victims of the Tragedies in El Paso, Texas, and Dayton, Ohio",Proclamations,Events
"Aug 16, 2019","National Employer Support of the Guard and Reserve Week, 2019",Proclamations,Events
"Aug 23, 2019","Women's Equality Day, 2019",Proclamations,Events
"Aug 30, 2019","National Alcohol and Drug Addiction Recovery Month, 2019",Proclamations,Events
"Aug 30, 2019","National Childhood Cancer Awareness Month, 2019",Proclamations,Events
"Aug 30, 2019","National Preparedness Month, 2019",Proclamations,Events
"Aug 30, 2019","Labor Day, 2019",Proclamations,Events
"Sep 5, 2019","National Days of Prayer and Remembrance, 2019",Proclamations,Events
"Sep 6, 2019","National Historically Black Colleges and Universities Week, 2019",Proclamations,Events
"Sep 6, 2019","Opioid Crisis Awareness Week, 2019",Proclamations,Events
"Sep 9, 2019","Minority Enterprise Development Week, 2019",Proclamations,Events
"Sep 10, 2019","Patriot Day, 2019",Proclamations,Events
"Sep 13, 2019","National Farm Safety and Health Week, 2019",Proclamations,Events
"Sep 13, 2019","National Hispanic Heritage Month, 2019",Proclamations,Events
"Sep 13, 2019","National Gang Violence Prevention Week, 2019",Proclamations,Events
"Sep 16, 2019","Constitution Day, Citizenship Day, and Constitution Week, 2019",Proclamations,Events
"Sep 19, 2019","National POW/MIA Recognition Day, 2019",Proclamations,Events
"Sep 25, 2019",Suspension of Entry as Immigrants and Nonimmigrants of Persons Responsible for Policies or Actions That Threaten Venezuela's Democratic Institutions,Proclamations,Labor/Immigration
"Sep 25, 2019",Suspension of Entry as Immigrants and Nonimmigrants of Senior Officials of the Government of Iran,Proclamations,Labor/Immigration
"Sep 27, 2019","National Domestic Violence Awareness Month, 2019",Proclamations,Events
"Sep 27, 2019","Gold Star Mother's and Family's Day, 2019",Proclamations,Events
"Sep 27, 2019","National Hunting and Fishing Day, 2019",Proclamations,Events
"Sep 30, 2019","National Breast Cancer Awareness Month, 2019",Proclamations,Events
"Sep 30, 2019","National Cybersecurity Awareness Month, 2019",Proclamations,Events
"Sep 30, 2019","National Disability Employment Awareness Month, 2019",Proclamations,Events
"Sep 30, 2019","National Energy Awareness Month, 2019",Proclamations,Events
"Sep 30, 2019","National Substance Abuse Prevention Month, 2019",Proclamations,Events
"Oct 3, 2019","National Manufacturing Day, 2019",Proclamations,Events
"Oct 4, 2019","Fire Prevention Week, 2019",Proclamations,Events
"Oct 4, 2019","German-American Day, 2019",Proclamations,Events
"Oct 4, 2019","Child Health Day, 2019",Proclamations,Events
"Oct 4, 2019","Suspension of Entry of Immigrants Who Will Financially Burden the United States Healthcare System, in Order To Protect the Availability of Healthcare Benefits for Americans",Proclamations,Labor/Immigration
"Oct 8, 2019","Leif Erikson Day, 2019",Proclamations,Events
"Oct 10, 2019","General Pulaski Memorial Day, 2019",Proclamations,Events
"Oct 11, 2019","National School Lunch Week, 2019",Proclamations,Events
"Oct 11, 2019","Columbus Day, 2019",Proclamations,Events
"Oct 11, 2019","Blind Americans Equality Day, 2019",Proclamations,Events
"Oct 17, 2019",Death of Elijah E. Cummings,Proclamations,Events
"Oct 18, 2019","National Character Counts Week, 2019",Proclamations,Events
"Oct 18, 2019","National Forest Products Week, 2019",Proclamations,Events
"Oct 23, 2019","United Nations Day, 2019",Proclamations,Events
"Oct 25, 2019",To Modify Duty-Free Treatment Under the Generalized System of Preferences and for Other Purposes,Proclamations,Economy
"Oct 31, 2019","Critical Infrastructure Security and Resilience Month, 2019",Proclamations,Events
"Oct 31, 2019","National Adoption Month, 2019",Proclamations,Events
"Oct 31, 2019","National American History and Founders Month, 2019",Proclamations,Events
"Oct 31, 2019","National Entrepreneurship Month, 2019",Proclamations,Events
"Oct 31, 2019","National Family Caregivers Month, 2019",Proclamations,Events
"Oct 31, 2019","National Native American Heritage Month, 2019",Proclamations,Events
"Oct 31, 2019","National Veterans and Military Families Month, 2019",Proclamations,Events
"Nov 7, 2019","Veterans Day, 2019",Proclamations,Events
"Nov 8, 2019","National Apprenticeship Week, 2019",Proclamations,Events
"Nov 8, 2019","World Freedom Day, 2019",Proclamations,Events
"Nov 15, 2019","American Education Week, 2019",Proclamations,Events
"Nov 22, 2019","National Family Week, 2019",Proclamations,Events
"Nov 27, 2019","Thanksgiving Day, 2019",Proclamations,Events
"Nov 27, 2019","National Impaired Driving Prevention Month, 2019",Proclamations,Events
"Nov 27, 2019","World AIDS Day, 2019",Proclamations,Events
"Dec 6, 2019","National Pearl Harbor Remembrance Day, 2019",Proclamations,Events
"Dec 9, 2019","Human Rights Day, Bill of Rights Day, and Human Rights Week, 2019",Proclamations,Events
"Dec 16, 2019","Wright Brothers Day, 2019",Proclamations,Events
"Dec 26, 2019",To Take Certain Actions Under the African Growth and Opportunity Act and for Other Purposes,Proclamations,Economy
"Dec 31, 2019","National Slavery and Human Trafficking Prevention Month, 2020",Proclamations,Events
"Jan 12, 2018","Martin Luther King, Jr., Federal Holiday, 2018",Proclamations,Events
"Jan 16, 2018","Religious Freedom Day, 2018",Proclamations,Events
"Jan 19, 2018","National Sanctity of Human Life Day, 2018",Proclamations,Events
"Jan 22, 2018","National School Choice Week, 2018",Proclamations,Events
"Jan 23, 2018",To Facilitate Positive Adjustment to Competition From Imports of Certain Crystalline Silicon Photovoltaic Cells (Whether or Not Partially or Fully Assembled Into Other Products) and for Other Purposes,Proclamations,Economy
"Jan 23, 2018",To Facilitate Positive Adjustment to Competition From Imports of Large Residential Washers,Proclamations,Economy
"Jan 31, 2018","American Heart Month, 2018",Proclamations,Events
"Jan 31, 2018","National African American History Month, 2018",Proclamations,Events
"Feb 15, 2018","Honoring the Victims of the Tragedy in Parkland, Florida",Proclamations,Events
"Feb 21, 2018",Death of Billy Graham,Proclamations,Events
"Feb 22, 2018",Modifying and Continuing the National Emergency With Respect to Cuba and Continuing To Authorize the Regulation of the Anchorage and Movement of Vessels,Proclamations,National security
"Feb 28, 2018","American Red Cross Month, 2018",Proclamations,Events
"Feb 28, 2018","Irish-American Heritage Month, 2018",Proclamations,Events
"Feb 28, 2018","Women's History Month, 2018",Proclamations,Events
"Mar 2, 2018","National Consumer Protection Week, 2018",Proclamations,Events
"Mar 8, 2018",Adjusting Imports of Aluminum Into the United States,Proclamations,Economy
"Mar 8, 2018",Adjusting Imports of Steel Into the United States,Proclamations,Economy
"Mar 16, 2018","National Poison Prevention Week, 2018",Proclamations,Events
"Mar 16, 2018","Vocational-Technical Education Week, 2018",Proclamations,Events
"Mar 19, 2018","National Agriculture Day, 2018",Proclamations,Events
"Mar 22, 2018","Greek Independence Day: A National Day of Celebration of Greek and American Democracy, 2018",Proclamations,Events
"Mar 22, 2018",Adjusting Imports of Aluminum Into the United States,Proclamations,Economy
"Mar 22, 2018",Adjusting Imports of Steel Into the United States,Proclamations,Economy
"Mar 27, 2018","Education and Sharing Day, U.S.A., 2018",Proclamations,Events
"Mar 29, 2018","Cancer Control Month, 2018",Proclamations,Events
"Mar 29, 2018","National Child Abuse Prevention Month, 2018",Proclamations,Events
"Mar 29, 2018","National Donate Life Month, 2018",Proclamations,Events
"Mar 30, 2018","National Fair Housing Month, 2018",Proclamations,Events
"Mar 30, 2018","National Sexual Assault Awareness and Prevention Month, 2018",Proclamations,Events
"Mar 30, 2018","Second Chance Month, 2018",Proclamations,Events
"Apr 2, 2018","World Autism Awareness Day, 2018",Proclamations,Events
"Apr 3, 2018","50th Anniversary of the Assassination of Dr. Martin Luther King, Jr.",Proclamations,Events
"Apr 12, 2018","Pan American Day and Pan American Week, 2018",Proclamations,Events
"Apr 16, 2018","National Volunteer Week, 2018",Proclamations,Events
"Apr 17, 2018",Death of Barbara Bush,Proclamations,Events
"Apr 20, 2018","National Park Week, 2018",Proclamations,Events
"Apr 26, 2018","World Intellectual Property Day, 2018",Proclamations,Events
"Apr 27, 2018","National Small Business Week, 2018",Proclamations,Events
"Apr 30, 2018","Jewish American Heritage Month, 2018",Proclamations,Events
"Apr 30, 2018","Law Day, U.S.A., 2018",Proclamations,Events
"Apr 30, 2018","Asian American and Pacific Islander Heritage Month, 2018",Proclamations,Events
"Apr 30, 2018","National Foster Care Month, 2018",Proclamations,Events
"Apr 30, 2018","National Mental Health Awareness Month, 2018",Proclamations,Events
"Apr 30, 2018","Older Americans Month, 2018",Proclamations,Events
"Apr 30, 2018","National Physical Fitness and Sports Month, 2018",Proclamations,Events
"Apr 30, 2018","Loyalty Day, 2018",Proclamations,Events
"Apr 30, 2018",Adjusting Imports of Aluminum Into the United States,Proclamations,Economy
"Apr 30, 2018",Adjusting Imports of Steel Into the United States,Proclamations,Economy
"May 3, 2018","National Day of Prayer, 2018",Proclamations,Events
"May 4, 2018","National Charter Schools Week, 2018",Proclamations,Events
"May 4, 2018","National Hurricane Preparedness Week, 2018",Proclamations,Events
"May 4, 2018","Public Service Recognition Week, 2018",Proclamations,Events
"May 7, 2018","Be Best Day, 2018",Proclamations,Events
"May 10, 2018","Military Spouse Day, 2018",Proclamations,Events
"May 11, 2018","National Defense Transportation Day and National Transportation Week, 2018",Proclamations,Events
"May 11, 2018","Peace Officers Memorial Day and Police Week, 2018",Proclamations,Events
"May 11, 2018","Mother's Day, 2018",Proclamations,Events
"May 18, 2018","National Safe Boating Week, 2018",Proclamations,Events
"May 18, 2018","Emergency Medical Services Week, 2018",Proclamations,Events
"May 18, 2018","World Trade Week, 2018",Proclamations,Events
"May 18, 2018","Armed Forces Day, 2018",Proclamations,Events
"May 18, 2018","Honoring the Victims of the Tragedy in Santa Fe, Texas",Proclamations,Events
"May 21, 2018","National Maritime Day, 2018",Proclamations,Events
"May 25, 2018","Prayer for Peace, Memorial Day, 2018",Proclamations,Events
"May 30, 2018","Great Outdoors Month, 2018",Proclamations,Events
"May 31, 2018",Adjusting Imports of Aluminum Into the United States,Proclamations,Economy
"May 31, 2018",Adjusting Imports of Steel Into the United States,Proclamations,Economy
"May 31, 2018","National Caribbean-American Heritage Month, 2018",Proclamations,Events
"May 31, 2018","National Homeownership Month, 2018",Proclamations,Events
"May 31, 2018","National Ocean Month, 2018",Proclamations,Events
"Jun 1, 2018","African-American Music Appreciation Month, 2018",Proclamations,Events
"Jun 8, 2018","Flag Day and National Flag Week, 2018",Proclamations,Events
"Jun 15, 2018","Father's Day, 2018",Proclamations,Events
"Jul 3, 2018","Honoring the Victims of the Tragedy in Annapolis, Maryland",Proclamations,Events
"Jul 13, 2018","Captive Nations Week, 2018",Proclamations,Events
"Jul 13, 2018","Made in America Day and Made in America Week, 2018",Proclamations,Events
"Jul 25, 2018","Anniversary of the Americans with Disabilities Act, 2018",Proclamations,Events
"Jul 26, 2018","National Korean War Veterans Armistice Day, 2018",Proclamations,Events
"Apr 6, 2018","National Crime Victims' Rights Week, 2018",Proclamations,Events
"Apr 6, 2018","National Former Prisoner of War Recognition Day, 2018",Proclamations,Events
"Apr 10, 2018",Maintaining Enhanced Vetting Capabilities and Processes for Detecting Attempted Entry Into the United States by Terrorists or Other Public-Safety Threats,Proclamations,National security
"Apr 11, 2018","Days of Remembrance of Victims of the Holocaust, 2018",Proclamations,Events
"Jul 30, 2018",To Take Certain Actions Under the African Growth and Opportunity Act and for Other Purposes,Proclamations,Economy
"Aug 10, 2018",Adjusting Imports of Steel Into the United States,Proclamations,Economy
"Aug 17, 2018","National Employer Support of the Guard and Reserve Week, 2018",Proclamations,Events
"Aug 24, 2018","Women's Equality Day, 2018",Proclamations,Events
"Aug 27, 2018",Death of Senator John Sidney McCain III,Proclamations,Events
"Aug 29, 2018",Adjusting Imports of Aluminum Into the United States,Proclamations,Economy
"Aug 29, 2018",Adjusting Imports of Steel Into the United States,Proclamations,Economy
"Aug 31, 2018","National Alcohol and Drug Addiction Recovery Month, 2018",Proclamations,Events
"Aug 31, 2018","National Preparedness Month, 2018",Proclamations,Events
"Aug 31, 2018","Labor Day, 2018",Proclamations,Events
"Sep 7, 2018","National Days of Prayer and Remembrance, 2018",Proclamations,Events
"Sep 10, 2018","Patriot Day, 2018",Proclamations,Events
"Sep 13, 2018","National Hispanic Heritage Month, 2018",Proclamations,Events
"Sep 13, 2018","National Farm Safety and Health Week, 2018",Proclamations,Events
"Sep 14, 2018","National Gang Violence Prevention Week, 2018",Proclamations,Events
"Sep 14, 2018","National Historically Black Colleges and Universities Week, 2018",Proclamations,Events
"Sep 14, 2018","Prescription Opioid and Heroin Epidemic Awareness Week, 2018",Proclamations,Events
"Sep 14, 2018","Constitution Day, Citizenship Day, and Constitution Week, 2018",Proclamations,Events
"Sep 20, 2018","National POW/MIA Recognition Day, 2018",Proclamations,Events
"Sep 21, 2018","National Hunting and Fishing Day, 2018",Proclamations,Events
"Sep 28, 2018","National Breast Cancer Awareness Month, 2018",Proclamations,Events
"Sep 28, 2018","National Cybersecurity Awareness Month, 2018",Proclamations,Events
"Sep 28, 2018","National Disability Employment Awareness Month, 2018",Proclamations,Events
"Sep 28, 2018","National Energy Awareness Month, 2018",Proclamations,Events
"Sep 28, 2018","National Substance Abuse Prevention Month, 2018",Proclamations,Events
"Sep 28, 2018","Gold Star Mother's and Family's Day, 2018",Proclamations,Events
"Sep 28, 2018","Child Health Day, 2018",Proclamations,Events
"Oct 4, 2018","National Manufacturing Day, 2018",Proclamations,Events
"Oct 5, 2018","German-American Day, 2018",Proclamations,Events
"Oct 5, 2018","Fire Prevention Week, 2018",Proclamations,Events
"Oct 5, 2018","Columbus Day, 2018",Proclamations,Events
"Oct 8, 2018","Leif Erikson Day, 2018",Proclamations,Events
"Oct 9, 2018","National Domestic Violence Awareness Month, 2018",Proclamations,Events
"Oct 10, 2018","General Pulaski Memorial Day, 2018",Proclamations,Events
"Oct 12, 2018","Minority Enterprise Development Week, 2018",Proclamations,Events
"Oct 12, 2018","National School Lunch Week, 2018",Proclamations,Events
"Oct 12, 2018","Blind Americans Equality Day, 2018",Proclamations,Events
"Oct 19, 2018","National Character Counts Week, 2018",Proclamations,Events
"Oct 19, 2018","National Forest Products Week, 2018",Proclamations,Events
"Oct 23, 2018","United Nations Day, 2018",Proclamations,Events
"Oct 26, 2018",Establishment of the Camp Nelson National Monument,Proclamations,Energy
"Oct 27, 2018","Honoring the Victims of the Tragedy in Pittsburgh, Pennsylvania",Proclamations,Events
"Oct 30, 2018",To Modify the List of Products Eligible for Duty- Free Treatment Under the Generalized System of Preferences,Proclamations,Economy
"Oct 31, 2018","Critical Infrastructure Security and Resilience Month, 2018",Proclamations,Events
"Oct 31, 2018","National Adoption Month, 2018",Proclamations,Events
"Oct 31, 2018","National Entrepreneurship Month, 2018",Proclamations,Events
"Oct 31, 2018","National Family Caregivers Month, 2018",Proclamations,Events
"Oct 31, 2018","National Native American Heritage Month, 2018",Proclamations,Events
"Oct 31, 2018","National Veterans and Military Families Month, 2018",Proclamations,Events
"Nov 8, 2018","Honoring the Victims of the Tragedy in Thousand Oaks, California",Proclamations,Events
"Nov 8, 2018","World Freedom Day, 2018",Proclamations,Events
"Nov 9, 2018",Addressing Mass Migration Through the Southern Border of the United States,Proclamations,Labor/Immigration
"Nov 9, 2018","American Education Week, 2018",Proclamations,Events
"Nov 9, 2018","National Apprenticeship Week, 2018",Proclamations,Events
"Nov 9, 2018","Veterans Day, 2018",Proclamations,Events
"Nov 16, 2018","National Family Week, 2018",Proclamations,Events
"Nov 20, 2018","Thanksgiving Day, 2018",Proclamations,Events
"Nov 30, 2018","National Impaired Driving Prevention Month, 2018",Proclamations,Events
"Nov 30, 2018","World AIDS Day, 2018",Proclamations,Events
"Dec 1, 2018",Announcing the Death of George Herbert Walker Bush,Proclamations,Events
"Dec 6, 2018","National Pearl Harbor Remembrance Day, 2018",Proclamations,Events
"Dec 7, 2018","Human Rights Day, Bill of Rights Day, and Human Rights Week, 2018",Proclamations,Events
"Dec 14, 2018","Wright Brothers Day, 2018",Proclamations,Events
"Dec 21, 2018",To Take Certain Actions Under the African Growth and Opportunity Act and for Other Purposes,Proclamations,Economy
"Dec 31, 2018","National Slavery and Human Trafficking Prevention Month, 2019",Proclamations,Events
"Jan 20, 2017",National Day of Patriotic Devotion,Proclamations,Events
"Jan 25, 2017","National School Choice Week, 2017",Proclamations,Events
"Feb 1, 2017","National African American History Month, 2017",Proclamations,Events
"Feb 2, 2017","American Heart Month, 2017",Proclamations,Events
"Mar 1, 2017","American Red Cross Month, 2017",Proclamations,Events
"Mar 1, 2017","Irish-American Heritage Month, 2017",Proclamations,Events
"Mar 1, 2017","Women's History Month, 2017",Proclamations,Events
"Mar 6, 2017","National Consumer Protection Week, 2017",Proclamations,Events
"Mar 17, 2017","National Poison Prevention Week, 2017",Proclamations,Events
"Mar 21, 2017","National Agriculture Day, 2017",Proclamations,Events
"Mar 24, 2017","Greek Independence Day: A National Day of Celebration of Greek and American Democracy, 2017",Proclamations,Events
"Mar 31, 2017","Cancer Control Month, 2017",Proclamations,Events
"Mar 31, 2017","National Child Abuse Prevention Month, 2017",Proclamations,Events
"Mar 31, 2017","National Donate Life Month, 2017",Proclamations,Events
"Mar 31, 2017","National Financial Capability Month, 2017",Proclamations,Events
"Mar 31, 2017","National Sexual Assault Awareness and Prevention Month, 2017",Proclamations,Events
"Mar 31, 2017","World Autism Awareness Day, 2017",Proclamations,Events
"Apr 3, 2017","National Crime Victims' Rights Week, 2017",Proclamations,Events
"Apr 5, 2017",Honoring the Memory of John Glenn,Proclamations,Events
"Apr 6, 2017","Education and Sharing Day, U.S.A., 2017",Proclamations,Events
"Apr 7, 2017","Pan American Day and Pan American Week, 2017",Proclamations,Events
"Apr 7, 2017","National Former Prisoner of War Recognition Day, 2017",Proclamations,Events
"Apr 14, 2017","National Park Week, 2017",Proclamations,Events
"Apr 21, 2017","National Volunteer Week, 2017",Proclamations,Events
"Apr 24, 2017","Days of Remembrance of Victims of the Holocaust, 2017",Proclamations,Events
"Apr 28, 2017","Asian American and Pacific Islander Heritage Month, 2017",Proclamations,Events
"Apr 28, 2017","Jewish American Heritage Month, 2017",Proclamations,Events
"Apr 28, 2017","National Foster Care Month, 2017",Proclamations,Events
"Apr 28, 2017","National Physical Fitness and Sports Month, 2017",Proclamations,Events
"Apr 28, 2017","Older Americans Month, 2017",Proclamations,Events
"Apr 28, 2017","National Charter Schools Week, 2017",Proclamations,Events
"Apr 28, 2017","Small Business Week, 2017",Proclamations,Events
"Apr 28, 2017","Loyalty Day, 2017",Proclamations,Events
"May 1, 2017","National Mental Health Awareness Month, 2017",Proclamations,Events
"May 1, 2017","Law Day, U.S.A., 2017",Proclamations,Events
"May 4, 2017","National Day of Prayer, 2017",Proclamations,Events
"May 5, 2017","National Hurricane Preparedness Week, 2017",Proclamations,Events
"May 5, 2017","Public Service Recognition Week, 2017",Proclamations,Events
"May 12, 2017","Military Spouse Day, 2017",Proclamations,Events
"May 12, 2017","Mother's Day, 2017",Proclamations,Events
"May 12, 2017","National Defense Transportation Day and National Transportation Week, 2017",Proclamations,Events
"May 15, 2017","Peace Officers Memorial Day and Police Week, 2017",Proclamations,Events
"May 19, 2017","Emergency Medical Services Week, 2017",Proclamations,Events
"May 19, 2017","National Safe Boating Week, 2017",Proclamations,Events
"May 19, 2017","World Trade Week, 2017",Proclamations,Events
"May 19, 2017","Armed Forces Day, 2017",Proclamations,Events
"May 19, 2017","National Maritime Day, 2017",Proclamations,Events
"May 24, 2017","Prayer for Peace, Memorial Day, 2017",Proclamations,Events
"May 31, 2017","African-American Music Appreciation Month, 2017",Proclamations,Events
"May 31, 2017","Great Outdoors Month, 2017",Proclamations,Events
"May 31, 2017","National Caribbean-American Heritage Month, 2017",Proclamations,Events
"May 31, 2017","National Homeownership Month, 2017",Proclamations,Events
"May 31, 2017","National Ocean Month, 2017",Proclamations,Events
"Jun 14, 2017","Flag Day and National Flag Week, 2017",Proclamations,Events
"Jun 16, 2017","Father's Day, 2017",Proclamations,Events
"Jun 29, 2017",To Modify Duty-Free Treatment Under the Generalized System of Preferences and for Other Purposes,Proclamations,Economy
"Jul 14, 2017","Captive Nations Week, 2017",Proclamations,Events
"Jul 17, 2017","Made in America Day and Made in America Week, 2017",Proclamations,Events
"Jul 25, 2017","Anniversary of the Americans with Disabilities Act, 2017",Proclamations,Events
"Jul 26, 2017","National Korean War Veterans Armistice Day, 2017",Proclamations,Events
"Aug 20, 2017","National Employer Support of the Guard and Reserve Week, 2017",Proclamations,Events
"Aug 25, 2017","Women's Equality Day, 2017",Proclamations,Events
"Aug 30, 2017","National Preparedness Month, 2017",Proclamations,Events
"Aug 31, 2017","National Alcohol and Drug Addiction Recovery Month, 2017",Proclamations,Events
"Sep 1, 2017",National Day of Prayer for the Victims of Hurricane Harvey and for Our National Response and Recovery Efforts,Proclamations,Events
"Sep 8, 2017","National Days of Prayer and Remembrance, 2017",Proclamations,Events
"Sep 8, 2017","Patriot Day, 2017",Proclamations,Events
"Sep 13, 2017","National Hispanic Heritage Month, 2017",Proclamations,Events
"Sep 13, 2017","National POW/MIA Recognition Day, 2017",Proclamations,Events
"Sep 15, 2017","Constitution Day, Citizenship Day, and Constitution Week, 2017",Proclamations,Events
"Sep 15, 2017","National Farm Safety and Health Week, 2017",Proclamations,Events
"Sep 15, 2017","National Gang Violence Prevention Week, 2017",Proclamations,Events
"Sep 15, 2017","National Historically Black Colleges and Universities Week, 2017",Proclamations,Events
"Sep 15, 2017","Prescription Opioid and Heroin Epidemic Awareness Week, 2017",Proclamations,Events
"Sep 22, 2017","Gold Star Mother's and Family's Day, 2017",Proclamations,Events
"Sep 24, 2017",Enhancing Vetting Capabilities and Processes for Detecting Attempted Entry Into the United States by Terrorists or Other Public-Safety Threats,Proclamations,National security
"Sep 28, 2017","National Disability Employment Awareness Month, 2017",Proclamations,Events
"Sep 29, 2017","National Breast Cancer Awareness Month, 2017",Proclamations,Events
"Sep 29, 2017","National Cybersecurity Awareness Month, 2017",Proclamations,Events
"Sep 29, 2017","National Domestic Violence Awareness Month, 2017",Proclamations,Events
"Sep 29, 2017","Child Health Day, 2017",Proclamations,Events
"Oct 2, 2017","Honoring the Victims of the Tragedy in Las Vegas, Nevada",Proclamations,Events
"Oct 5, 2017","German-American Day, 2017",Proclamations,Events
"Oct 6, 2017","Fire Prevention Week, 2017",Proclamations,Events
"Oct 6, 2017","National School Lunch Week, 2017",Proclamations,Events
"Oct 6, 2017","National Manufacturing Day, 2017",Proclamations,Events
"Oct 6, 2017","Columbus Day, 2017",Proclamations,Events
"Oct 6, 2017","Leif Erikson Day, 2017",Proclamations,Events
"Oct 10, 2017","General Pulaski Memorial Day, 2017",Proclamations,Events
"Oct 12, 2017","National Energy Awareness Month, 2017",Proclamations,Events
"Oct 13, 2017","National Character Counts Week, 2017",Proclamations,Events
"Oct 13, 2017","National Forest Products Week, 2017",Proclamations,Events
"Oct 13, 2017","Blind Americans Equality Day, 2017",Proclamations,Events
"Oct 20, 2017","Minority Enterprise Development Week, 2017",Proclamations,Events
"Oct 23, 2017","United Nations Day, 2017",Proclamations,Events
"Oct 31, 2017","Critical Infrastructure Security and Resilience Month, 2017",Proclamations,Events
"Oct 31, 2017","National Adoption Month, 2017",Proclamations,Events
"Oct 31, 2017","National Entrepreneurship Month, 2017",Proclamations,Events
"Oct 31, 2017","National Family Caregivers Month, 2017",Proclamations,Events
"Oct 31, 2017","National Native American Heritage Month, 2017",Proclamations,Events
"Nov 1, 2017","National Veterans and Military Families Month, 2017",Proclamations,Events
"Nov 5, 2017","Honoring the Victims of the Sutherland Springs, Texas, Shooting",Proclamations,Events
"Nov 7, 2017","Veterans Day, 2017",Proclamations,Events
"Nov 8, 2017","World Freedom Day, 2017",Proclamations,Events
"Nov 10, 2017",Commemoration of the 50th Anniversary of the Vietnam War,Proclamations,Events
"Nov 10, 2017","American Education Week, 2017",Proclamations,Events
"Nov 10, 2017","National Apprenticeship Week, 2017",Proclamations,Events
"Nov 17, 2017","National Family Week, 2017",Proclamations,Events
"Nov 17, 2017","Thanksgiving Day, 2017",Proclamations,Events
"Nov 30, 2017","National Impaired Driving Prevention Month, 2017",Proclamations,Events
"Nov 30, 2017","World AIDS Day, 2017",Proclamations,Events
"Dec 4, 2017",Modifying the Bears Ears National Monument,Proclamations,Energy
"Dec 4, 2017",Modifying the Grand Staircase-Escalante National Monument,Proclamations,Energy
"Dec 6, 2017",Recognizing Jerusalem as the Capital of the State of Israel and Relocating the United States Embassy to Israel to Jerusalem,Proclamations,National security
"Dec 7, 2017","National Pearl Harbor Remembrance Day, 2017",Proclamations,Events
"Dec 8, 2017","Human Rights Day, Bill of Rights Day, and Human Rights Week, 2017",Proclamations,Events
"Dec 15, 2017","Wright Brothers Day, 2017",Proclamations,Events
"Dec 22, 2017",To Take Certain Actions Under the African Growth and Opportunity Act and for Other Purposes,Proclamations,Economy
"Dec 29, 2017","National Slavery and Human Trafficking Prevention Month, 2018",Proclamations,Events
"Dec 3, 2020",Extension of Governors' Use of the National Guard To Respond to COVID-19 and To Facilitate Economic Recovery,Memoranda,Economy
"Dec 3, 2020",Extension of Governors' Use of the National Guard To Respond to COVID-19 and To Facilitate Economic Recovery,Memoranda,Economy
"Nov 24, 2020",Continuation of the National Emergency With Respect to the Situation in Nicaragua,Memoranda,National security
"Nov 7, 2020","Delegation of Authority Under Section 506(a)(1) of the Foreign Assistance Act of 1961, as Amended",Memoranda,National security
"Nov 9, 2020",Delegation of Authority for Fiscal Year 2021 Cost Estimates and Annual Reports to the Congress for the Land and Water Conservation Fund,Memoranda,Energy
"Oct 31, 2020","Protecting Jobs, Economic Opportunities, and National Security for All Americans by Ensuring Appropriate Support of Innovative Technologies for Using Our Domestic Natural Resources",Memoranda,Economy
"Oct 14, 2020",Delegation of Authority Under Section 404(c) of the Child Soldiers Prevention Act of 2008,Memoranda,National security
"Oct 9, 2020",Delegation of Authority Under 15 U.S.C. 634c(b)(3)(B),Memoranda,Economy
"Sep 2, 2020",Delegation of Authority To Submit to the Congress the Notifications and Explanations Specified in the Resolution of Advice and Consent to Ratification of the Agreement Between the United States of America and the International Atomic Energy Agency for the Application of Safeguards in the United States of America,Memoranda,Energy
"Sep 4, 2020",Delegation of Certain Functions and Authorities Under the Global Fragility Act of 2019,Memoranda,National security
"Sep 2, 2020",Providing an Order of Succession Within the General Services Administration,Memoranda,Administrative work
"Aug 29, 2020",Extension of the Use of the National Guard To Respond to COVID-19 and To Facilitate Economic Recovery,Memoranda,Economy
"Aug 8, 2020",Continued Student Loan Payment Relief During the COVID-19 Pandemic,Memoranda,Economy
"Aug 8, 2020",Deferring Payroll Tax Obligations in Light of the Ongoing COVID-19 Disaster,Memoranda,Economy
"Jul 7, 2020",Delegation of Authority Under the Better Utilization of Investments Leading to Development Act of 2018,Memoranda,Economy
"Jul 21, 2020",Excluding Illegal Aliens From the Apportionment Base Following the 2020 Census,Memoranda,Labor/Immigration
"Apr 14, 2020",Delegation of Authorities Under the National Defense Authorization Act for Fiscal Year 2020 and the Eastern Mediterranean Security and Energy Partnership Act of 2019,Memoranda,National security
"Jun 4, 2020",Protecting United States Investors From Significant Risks From Chinese Companies,Memoranda,National security
"Jun 2, 2020",Providing Continued Federal Support for Governors' Use of the National Guard To Respond to COVID-19 and To Facilitate Economic Recovery,Memoranda,Economy
"May 20, 2020",Providing Continued Federal Support for Governors' Use of the National Guard To Respond to COVID-19 and To Facilitate Economic Recovery,Memoranda,Economy
"May 12, 2020",Delegation of Functions and Authorities Under Section 1260J of the National Defense Authorization Act for Fiscal Year 2020,Memoranda,National security
"May 8, 2020",Providing Continued Federal Support for Governors' Use of the National Guard To Respond to COVID-19 and To Facilitate Economic Recovery,Memoranda,Economy
"Apr 28, 2020",Providing Continued Federal Support for Governors' Use of the National Guard To Respond to COVID-19 and To Facilitate Economic Recovery,Memoranda,Economy
"Apr 20, 2020",Providing Continued Federal Support for Governors' Use of the National Guard To Respond to COVID-19 and To Facilitate Economic Recovery,Memoranda,Economy
"Mar 31, 2020",Delegation of Certain Functions and Authorities Under the National Defense Authorization Act for Fiscal Year 2020,Memoranda,National security
"Apr 10, 2020",Authorizing the Exercise of Authority Under Public Law 85-804,Memoranda,National security
"Apr 13, 2020",Providing Federal Support for Governors' Use of the National Guard To Respond to COVID-19,Memoranda,Economy
"Apr 7, 2020",Providing Federal Support for Governors' Use of the National Guard To Respond to COVID-19,Memoranda,Economy
"Apr 2, 2020",Providing an Order of Succession Within the Pension Benefit Guaranty Corporation,Memoranda,Administrative work
"Apr 2, 2020",Providing Federal Support for Governors' Use of the National Guard To Respond to COVID-19,Memoranda,Economy
"Mar 30, 2020",Extending the Wind-Down Period for Deferred Enforced Departure for Liberians,Memoranda,National security
"Mar 28, 2020",Providing Federal Support for Governors' Use of the National Guard To Respond to COVID-19,Memoranda,Economy
"Mar 30, 2020",Providing Federal Support for Governors' Use of the National Guard To Respond to COVID-19,Memoranda,Economy
"Mar 22, 2020",Providing Federal Support for Governors' Use of the National Guard To Respond to COVID-19,Memoranda,Economy
"Mar 20, 2020",Delegation of Functions Under 31 U.S.C. 5302,Memoranda,Economy
"Mar 13, 2020",Expanding State-Approved Diagnostic Tests,Memoranda,Health care
"Mar 11, 2020",Making General Use Respirators Available,Memoranda,Health care
"Feb 21, 2020",Delegation of Certain Functions and Authorities Under the National Defense Authorization Act for Fiscal Year 2020,Memoranda,National security
"Mar 3, 2020",Delegation of Authority to Re-establish the Presidential Advisory Council on Combating Antibiotic- Resistant Bacteria,Memoranda,Health care
"Feb 19, 2020",Developing and Delivering More Water Supplies to California,Memoranda,Energy
"Jan 29, 2020",Delegation of Certain Authority Under the Federal Service Labor-Management Relations Statute,Memoranda,National security
"Nov 19, 2019",Ocean Mapping of the United States Exclusive Economic Zone and the Shoreline and Nearshore of Alaska,Memoranda,Economy
"Nov 12, 2019",Delegation of Removal Authority Over the Federal Service Impasses Panel,Memoranda,Labor/Immigration
"Oct 11, 2019","Executive Orders 13836, 13837, and 13839",Memoranda,Labor/Immigration
"Sep 24, 2019",Delegation of Functions and Authorities Under the Better Utilization of Investments Leading to Development Act of 2018,Memoranda,Economy
"Sep 6, 2019",Providing an Order of Secession Within the Council on Environmental Quality,Memoranda,Energy
"Aug 21, 2019",Discharging the Federal Student Loan Debt of Totally and Permanently Disabled Veterans,Memoranda,National security
"Jul 19, 2019",Delegation of Authority Under the Asia Reassurance Initiative Act of 2018,Memoranda,National security
"Jul 26, 2019",Reforming Developing-Country Status in the World Trade Organization,Memoranda,National security
"Jun 26, 2019",Policy for Military Service Academy and Reserve Officers' Training Corps Graduates Seeking to Participate in Professional Sports,Memoranda,National security
"May 24, 2019",Delegation of Functions and Authorities Under the Nicaragua Human Rights and Anticorruption Act of 2018,Memoranda,National security
"May 24, 2019",Delegation of Functions and Authorities Under the Sanctioning the Use of Civilians as Defenseless Shields Act,Memoranda,National security
"May 24, 2019","Delegation of Function Under the Hizballah International Financing Prevention Act of 2015, as Amended",Memoranda,National security
"May 24, 2019",Revisions to the 2017 Unified Command Plan,Memoranda,National security
"May 23, 2019",Agency Cooperation With Attorney General's Review of Intelligence Activities Relating to the 2016 Presidential Campaigns,Memoranda,National security
"Apr 30, 2019",Delegation of Authority Under Section 5 of the United States-Caribbean Strategic Engagement Act of 2016,Memoranda,National security
"Apr 22, 2019",Combating High Nonimmigrant Overstay Rates,Memoranda,Labor/Immigration
"Apr 1, 2019",Delaying Submission of the Small Business Report Under the Trade Facilitation and Trade Enforcement Act of 2015,Memoranda,Economy
"Mar 28, 2019",Extension of Deferred Enforced Departure for Liberians,Memoranda,National security
"Mar 27, 2019",Federal Housing Finance Reform,Memoranda,Economy
"Jan 8, 2019",Decision on the United States Consulate General in Jerusalem,Memoranda,National security
"Jan 15, 2019","Delegation of Functions and Authorities Under the Hizballah International Financing Prevention Act of 2015, as Amended, and the Hizballah International Financing Prevention Amendments Act of 2018",Memoranda,National security
"Jan 15, 2019",Delegation of Authorities and Responsibilities Under Section 1763 of the National Defense Authorization Act for Fiscal Year 2019,Memoranda,National security
"Dec 21, 2018",Delegation of Functions and Authorities Under Section 1238 of the FAA Reauthorization Act of 2018,Memoranda,Economy
"Dec 21, 2018",Delegation of Functions and Authorities Under Section 1245 of the National Defense Authorization Act for Fiscal Year 2019,Memoranda,National security
"Dec 18, 2018",Establishment of United States Space Command as a Unified Combatant Command,Memoranda,National security
"Nov 29, 2018",Delegation of Authority Under Section 614(a)(1) of the Foreign Assistance Act of 1961,Memoranda,National security
"Nov 5, 2018",Delegation of Authority Contained in Condition 23 of the Resolution of Advice and Consent to Ratification of the Chemical Weapons Convention,Memoranda,National security
"Nov 26, 2018",Delegation of Authorities Under Section 1757 of the National Defense Authorization Act for Fiscal Year 2019,Memoranda,National security
"Oct 26, 2018",Delegation of Authorities Under Section 1294 of the National Defense Authorization Act for Fiscal Year 2019,Memoranda,National security
"Oct 29, 2018",Delegation of Authority Under Section 1244 of the National Defense Authorization Act for Fiscal Year 2019,Memoranda,National security
"Oct 26, 2018",Delegation of Authority Under Section 1069 of the National Defense Authorization Act for Fiscal Year 2019,Memoranda,National security
"Oct 26, 2018",Delegation of Authority Under Section 3132(d) of the National Defense Authorization Act for Fiscal Year 2019,Memoranda,National security
"Oct 25, 2018",Developing a Sustainable Spectrum Strategy for America's Future,Memoranda,Tech
"Oct 19, 2018",Promoting the Reliable Supply and Delivery of Water in the West,Memoranda,Energy
"Oct 16, 2018",Memorandum for the Secretary of Defense [and] the Secretary of Commerce,Memoranda,National security
"Sep 10, 2018",Delegation of Authority Under Section 1290(b) of the John S. McCain National Defense Authorization Act for Fiscal Year 2019,Memoranda,National security
"Aug 23, 2018",Modernizing the Monetary Reimbursement Model for the Delivery of Goods Through the International Postal System and Enhancing the Security and Safety of International Mail,Memoranda,National security
"Aug 31, 2018",Delegation of Authorities Under the Reinforcing Education Accountability in Development Act,Memoranda,National security
"Jun 4, 2018","Delegation of Authority Under Section 709 of the Department of State Authorities Act, Fiscal Year 2017",Memoranda,National security
"May 16, 2018",Delegation of Authorities Under Section 1244(c) of the National Defense Authorization Act for Fiscal Year 2018,Memoranda,National security
"Jun 18, 2018",National Space Traffic Management Policy,Memoranda,National security
"Apr 26, 2018",Certification for Certain Records Related to the Assassination of President John F. Kennedy,Memoranda,Criminal justice
"Apr 12, 2018",Promoting Domestic Manufacturing and Job CreationPolicies and Procedures Relating to Implementation of Air Quality Standards,Memoranda,Energy
"Apr 6, 2018","Ending ""Catch and Release'' at the Border of the United States and Directing Other Enhancements to Immigration Enforcement",Memoranda,Labor/Immigration
"Apr 4, 2018",Delegation of Authorities Under Section 3136 of the National Defense Authorization Act for Fiscal Year 2018,Memoranda,National security
"Mar 23, 2018",Military Service by Transgender Individuals,Memoranda,National security
"Mar 22, 2018","Actions by the United States Related to the Section 301 Investigation of China's Laws, Policies, Practices, or Actions Related to Technology Transfer, Intellectual Property, and Innovation",Memoranda,National security
"Feb 20, 2018",Delegation of Authorities Under Section 1245 of the National Defense Authorization Act for Fiscal Year 2018,Memoranda,National security
"Feb 8, 2018",Delegation of Certain Functions and Authorities Under Section 1252 of the National Defense Authorization Act for Fiscal Year 2017,Memoranda,National security
"Feb 9, 2018",Delegation of Certain Functions and Authorities Under Section 1235 of the National Defense Authorization Act for Fiscal Year 2018,Memoranda,National security
"Feb 20, 2018","Application of the Definition of Machinegun to ""Bump Fire'' Stocks and Other Similar Devices",Memoranda,National security
"Feb 5, 2018",Delegation of Certain Functions and Authorities Under Section 1238 of the National Defense Authorization Act for Fiscal Year 2018,Memoranda,National security
"Jan 8, 2018",Supporting Broadband Tower Facilities in Rural America on Federal Properties Managed by the Department of the Interior,Memoranda,Tech
"Dec 4, 2017",Delegation of Authority Under Sections 506(a)(2)(A) and 652 of the Foreign Assistance Act of 1961,Memoranda,National security
"Dec 11, 2017",Reinvigorating America's Human Space Exploration Program,Memoranda,National security
"Dec 8, 2017",Delaying Submission of the Small Business Administration Report Under the Trade Facilitation and Trade Enforcement Act of 2015,Memoranda,Economy
"Nov 21, 2017",Delegation of Authority Under the Foreign Aid Transparency and Accountability Act of 2016,Memoranda,National security
"Oct 26, 2017",Combatting the National Drug Demand and Opioid Crisis,Memoranda,Health care
"Oct 26, 2017",Temporary Certification for Certain Records Related to the Assassination of President John F. Kennedy,Memoranda,Criminal justice
"Oct 25, 2017",Unmanned Aircraft Systems Integration Pilot Program,Memoranda,National security
"Oct 11, 2017",Delegation of Certain Functions and Authorities Under the Countering America's Adversaries Through Sanctions Act of 2017,Memoranda,National security
"Sep 25, 2017","Delegation of Authority Under the Consolidated Appropriations Act, 2017",Memoranda,National security
"Sep 8, 2017",Delegation of Authority Under the Global Magnitsky Human Rights Accountability Act,Memoranda,National security
"Sep 25, 2017","Increasing Access to High-Quality Science, Technology, Engineering, and Mathematics (STEM) Education",Memoranda,Economy
"Aug 25, 2017",Military Service by Transgender Individuals,Memoranda,National security
"Aug 15, 2017",Elevation of U.S. Cyber Command to a Unified Combatant Command,Memoranda,Tech
"Aug 14, 2017","Addressing China's Laws, Policies, Practices, and Actions Related to Intellectual Property, Innovation, and Technology",Memoranda,Tech
"Jun 29, 2017","Delegation of Authority Under the Department of State Authorities Act, Fiscal Year 2017",Memoranda,National security
"Jun 29, 2017",Delegation of Authority Under the National Defense Authorization Act for Fiscal Year 1998,Memoranda,National security
"Jun 21, 2017","Delegation of Authority Under the Consolidated Appropriations Act, 2017",Memoranda,National security
"Jun 14, 2017",Effective Date in Executive Order 13780,Memoranda,Labor/Immigration
"Apr 12, 2017",Delegation of Authority Under the National Defense Authorization Act for Fiscal Year 2017,Memoranda,National security
"Mar 19, 2017",Delegation of Authority Under the National Defense Authorization Act for Fiscal Year 2017,Memoranda,National security
"Mar 6, 2017","Implementing Immediate Heightened Screening and Vetting of Applications for Visas and Other Immigration Benefits, Ensuring Enforcement of All Laws for Entry Into the United States, and Increasing Transparency Among Departments and Agencies of the Federal Government and for the American People",Memoranda,Labor/Immigration
"Feb 3, 2017",Fiduciary Duty Rule,Memoranda,Economy
"Jan 28, 2017",Organization of the National Security Council and the Homeland Security Council,Memoranda,National security
"Jan 28, 2017",Plan To Defeat the Islamic State of Iraq and Syria,Memoranda,National security
"Jan 27, 2017",Rebuilding the U.S. Armed Forces,Memoranda,National security
"Jan 24, 2017",Construction of American Pipelines,Memoranda,Energy
"Jan 24, 2017",Construction of the Dakota Access Pipeline,Memoranda,Energy
"Jan 24, 2017",Construction of the Keystone XL Pipeline,Memoranda,Energy
"Jan 24, 2017",Streamlining Permitting and Reducing Regulatory Burdens for Domestic Manufacturing,Memoranda,Economy
"Jan 23, 2017",Hiring Freeze,Memoranda,Administrative work
"Jan 23, 2017",The Mexico City Policy,Memoranda,National security
"Jan 23, 2017",Withdrawal of the United States From the Trans- Pacific Partnership Negotiations and Agreement,Memoranda,National security